,precision,recall,f1-score,support
Monkey_Pox,1.0,0.8,0.888888888888889,10.0
Others,0.8181818181818182,1.0,0.9,9.0
accuracy,0.8947368421052632,0.8947368421052632,0.8947368421052632,0.8947368421052632
macro avg,0.9090909090909092,0.9,0.8944444444444445,19.0
weighted avg,0.9138755980861244,0.8947368421052632,0.8941520467836256,19.0
