,precision,recall,f1-score,support
Monkey_Pox,0.8181818181818182,0.9,0.8571428571428572,10.0
Others,0.875,0.7777777777777778,0.823529411764706,9.0
accuracy,0.8421052631578947,0.8421052631578947,0.8421052631578947,0.8421052631578947
macro avg,0.8465909090909092,0.8388888888888889,0.8403361344537816,19.0
weighted avg,0.8450956937799042,0.8421052631578947,0.8412206988058383,19.0
