,precision,recall,f1-score,support
Monkey_Pox,1.0,0.9,0.9473684210526316,10.0
Others,0.9,1.0,0.9473684210526316,9.0
accuracy,0.9473684210526315,0.9473684210526315,0.9473684210526315,0.9473684210526315
macro avg,0.95,0.95,0.9473684210526316,19.0
weighted avg,0.9526315789473685,0.9473684210526315,0.9473684210526315,19.0
